"Model"	"RMSE"
1	0.00206284257854251
2	0.00206284257854251
3	0.00206284257854251
4	0.00206284257854252
