"Model"	"RMSE"
1	0.0104982555566247
2	0.00933000958212281
3	0.0170457450969416
4	0.00907717644972557
5	0.0170457450969386
6	0.0089413459778457
7	0.0161912618860666
