"Model"	"RMSE"
1	0.0216957554037525
2	0.0210509194978947
3	0.0257730626512623
4	0.0208874870497241
